y,y_hat,probabilities,x
True,False,0.10658620760104745,Mr. Tube Steak
True,False,0.23935036811119156,
True,False,0.23935036811119156,
True,False,0.23935036811119156,
True,False,0.23935036811119156,
True,False,0.23935036811119156,
False,True,0.5233900846242084,Lemon Sea
False,True,0.8105920641810063,Mo's Hot Dog Plus
