y,y_hat,probabilities,x
True,False,0.12025748389975378,Mr. Tube Steak
True,False,0.2649995874878809,
True,False,0.2649995874878809,
True,False,0.2649995874878809,
True,False,0.2649995874878809,
True,False,0.2649995874878809,
False,True,0.5571813072714743,Lemon Sea
False,True,0.8306109601799614,Mo's Hot Dog Plus
