rank_test_score,mean_test_score,mean_train_score,mean_fit_time,mean_score_time,param_countvectorizer__max_features,param_bernoullinb__alpha
1,0.7794871794871795,0.8095686274509803,0.004234218597412109,0.004735994338989258,80,1.1964854337146373
1,0.7794871794871795,0.8095686274509803,0.0010085105895996094,0.00046472549438476564,82,0.8102493150615068
1,0.7794871794871795,0.8095686274509803,0.0011417865753173828,0.0004728794097900391,89,1.1405679825881208
1,0.7794871794871795,0.8095686274509803,0.001272726058959961,0.0005950927734375,87,0.618760808711723
1,0.7794871794871795,0.8095686274509803,0.005230236053466797,0.0011484146118164063,84,1.2414197690752111
