rank_test_score,mean_test_score,mean_train_score,mean_fit_time,mean_score_time,param_countvectorizer__max_features,param_bernoullinb__alpha
1,0.7794871794871795,0.8095686274509803,0.004901266098022461,0.0011811256408691406,52,0.7374662259477165
1,0.7794871794871795,0.7938039215686274,0.004390096664428711,0.0020723342895507812,42,0.7904955145205506
1,0.7794871794871795,0.8095686274509803,0.00425262451171875,0.002116680145263672,60,0.6239824036871288
1,0.7794871794871795,0.8095686274509803,0.004025077819824219,0.0016394615173339843,82,0.8102493150615068
1,0.7794871794871795,0.8095686274509803,0.005195188522338867,0.002240562438964844,61,0.8337564503364248
