rank_test_score,mean_test_score,mean_train_score,mean_fit_time,mean_score_time,param_countvectorizer__max_features,param_bernoullinb__alpha
1,0.7794871794871795,0.8095686274509803,0.0016815185546875,0.0006803035736083985,80,1.1964854337146373
1,0.7794871794871795,0.8095686274509803,0.002145671844482422,0.0008337497711181641,82,0.8102493150615068
1,0.7794871794871795,0.8095686274509803,0.0018373966217041016,0.0006218433380126953,89,1.1405679825881208
1,0.7794871794871795,0.8095686274509803,0.0013412952423095704,0.0006464481353759766,87,0.618760808711723
1,0.7794871794871795,0.8095686274509803,0.001149606704711914,0.00048131942749023436,84,1.2414197690752111
